Handle,Title,Body (HTML),Vendor,Product Category,Type,Tags,Published,Option1 Name,Option1 Value,Option2 Name,Option2 Value,Option3 Name,Option3 Value,Variant SKU,Variant Grams,Variant Inventory Tracker,Variant Inventory Qty,Variant Inventory Policy,Variant Fulfillment Service,Variant Price,Variant Compare At Price,Variant Requires Shipping,Variant Taxable,Variant Barcode,Image Src,Image Position,Image Alt Text,Gift Card,SEO Title,SEO Description,Google Shopping / Google Product Category,Google Shopping / Gender,Google Shopping / Age Group,Google Shopping / MPN,Google Shopping / Condition,Google Shopping / Custom Product,Google Shopping / Custom Label 0,Google Shopping / Custom Label 1,Google Shopping / Custom Label 2,Google Shopping / Custom Label 3,Google Shopping / Custom Label 4,Variant Image,Variant Weight Unit,Variant Tax Code,Cost per item,Included / United States,Price / United States,Compare At Price / United States,Included / International,Price / International,Compare At Price / International,Status
full-color-11oz-mug,Full Color 11oz. Mug,<strong>Full Color 11oz. Mug</strong>,PromotionalProducts,,ceramic,drinkware,true,Title,One-Size,,,,,'000077,0.0,,0,deny,manual,6.00,,true,true,,https://cdn.shopify.com/s/files/1/0783/2263/0970/products/cxn-customs-topanga-custom-white-11-oz-mug-13281041711162_grande_5a420185-9e0b-4b2a-a5fa-7f598c1a9900.jpg?v=1700546079,1,,false,,,,,,,,,,,,,,,lb,,,true,,,true,,,active
clic-stic-pen,Clic Stic Pen,<strong>Clic Stic Pen</strong>,BIC,,plastic,office,true,Title,One-Size,,,,,'000076,0.0,,0,deny,manual,6.00,,true,true,,https://cdn.shopify.com/s/files/1/0783/2263/0970/products/catalog_detail_image_large_00eb26fc-0d50-4a24-8af4-a0e1e99cf7a4.jpg?v=1699514162,1,,false,,,,,,,,,,,,,,,lb,,,true,,,true,,,active
budget-rally-towel,Budget Rally Towel,<strong>Budget Rally Towel</strong>,Q-Tees,,Cotton,towel,true,Title,One-Size,,,,,'000075,0.0,,0,deny,manual,3.00,,true,true,,https://cdn.shopify.com/s/files/1/0783/2263/0970/products/q-tees-t18-lime.jpg?v=1699514160,1,,false,,,,,,,,,,,,,,,lb,,,true,,,true,,,active
5-000-mah-power-bank,"5,000 mAh Power Bank","<strong>5,000 mAh Power Bank</strong>",iClick,,Plastic,tech,true,Title,One-Size,,,,,'000074,0.0,,0,deny,manual,18.00,,true,true,,https://cdn.shopify.com/s/files/1/0783/2263/0970/products/front_medium_extended.jpg?v=1699514157,1,,false,,,,,,,,,,,,,,,lb,,,true,,,true,,,active
hand-blown-glass-ornament,Hand Blown Glass Ornament,<strong>Hand Blown Glass Ornament</strong>,PromotionalProducts,,Glass,ornament,true,Title,One-Size,,,,,'000073,0.0,,0,deny,manual,7.00,,true,true,,https://cdn.shopify.com/s/files/1/0783/2263/0970/files/front_medium_extended_9dc3b48c-d6af-4a4c-8574-d747fbab8d22.jpg?v=1699514283,1,,false,,,,,,,,,,,,,,,lb,,,true,,,true,,,active
slim-can-holder,Slim Can Holder,<strong>Slim Can Holder</strong>,Liberty Bags,,Jersey Knit,drinkware,true,Title,One-Size,,,,,'000072,0.0,,0,deny,manual,4.00,,true,true,,https://cdn.shopify.com/s/files/1/0783/2263/0970/products/liberty-bags-ft001sc-black.jpg?v=1699514153,1,,false,,,,,,,,,,,,,,,lb,,,true,,,true,,,active
sweatshirt-blanket,Sweatshirt Blanket,<strong>Sweatshirt Blanket</strong>,Port & Company,,Cotton,blanket,true,Title,One-Size,,,,,'000071,0.0,,0,deny,manual,20.00,,true,true,,https://cdn.shopify.com/s/files/1/0783/2263/0970/products/port-company-bp78-maroon.jpg?v=1699514151,1,,false,,,,,,,,,,,,,,,lb,,,true,,,true,,,active
core-cotton-tote,Core Cotton Tote,<strong>Core Cotton Tote</strong>,Port Authority,,Cotton,bags,true,Title,One-Size,,,,,'000070,0.0,,0,deny,manual,9.00,,true,true,,https://cdn.shopify.com/s/files/1/0783/2263/0970/products/port-authority-bg1500-natural-true-royal.jpg?v=1699514148,1,,false,,,,,,,,,,,,,,,lb,,,true,,,true,,,active
contender-headband,Contender Headband,<strong>Contender Headband</strong>,Sport-Tek,,polyester,"headband, unisex",true,Title,One-Size,,,,,'000069,0.0,,0,deny,manual,15.00,,true,true,,https://cdn.shopify.com/s/files/1/0783/2263/0970/files/sport-tek-sta46-blue-wake-heather.jpg?v=1699513284,1,,false,,,,,,,,,,,,,,,lb,,,true,,,true,,,active
youth-cotton-blend-cap,Youth Cotton Blend Cap,<strong>Youth Cotton Blend Cap</strong>,FlexFit,,Cotton,"hat, youth",true,Title,Youth,,,,,'000067,0.0,,0,deny,manual,6.00,,true,true,,https://cdn.shopify.com/s/files/1/0783/2263/0970/products/flexfit-6277y-dark-grey.jpg?v=1699512766,1,,false,,,,,,,,,,,,,,,lb,,,true,,,true,,,active
youth-cotton-blend-cap,,,,,,,,,Infant,,,,,'000068,0.0,,0,deny,manual,5.00,,true,true,,,,,,,,,,,,,,,,,,,,lb,,,,,,,,,
racermesh-visor,RacerMesh Visor,<strong>RacerMesh Visor</strong>,Sport-Tek,,Polyester,"unisex, visor",true,Title,One-Size,,,,,'000066,0.0,,0,deny,manual,8.00,,true,true,,https://cdn.shopify.com/s/files/1/0783/2263/0970/products/sport-tek-stc27-neon-orange.jpg?v=1699512764,1,,false,,,,,,,,,,,,,,,lb,,,true,,,true,,,active
solid-knit-beanie,Solid Knit Beanie,<strong>Solid Knit Beanie</strong>,Sportsman,,Acrylic,"beanie, unisex",true,Title,One-Size,,,,,'000065,0.0,,0,deny,manual,8.00,,true,true,,https://cdn.shopify.com/s/files/1/0783/2263/0970/products/sportsman-sp12-purple.jpg?v=1699512761,1,,false,,,,,,,,,,,,,,,lb,,,true,,,true,,,active
velour-bucket-hat,Velour Bucket Hat,<strong>Velour Bucket Hat</strong>,Russel Athletic,,Cotton,"bucketHat, unisex",true,Title,One-Size,,,,,'000064,0.0,,0,deny,manual,10.00,,true,true,,https://cdn.shopify.com/s/files/1/0783/2263/0970/products/russell-athletic-u072uhuxx-white.jpg?v=1699512759,1,,false,,,,,,,,,,,,,,,lb,,,true,,,true,,,active
classic-dad-hat,Classic Dad Hat,<strong>Classic Dad Hat</strong>,Valucap,,Chino,"dad, unisex",true,Title,One-Size,,,,,'000063,0.0,,0,deny,manual,9.00,,true,true,,https://cdn.shopify.com/s/files/1/0783/2263/0970/products/valucap-vc300a-tan-camo.jpg?v=1699512757,1,,false,,,,,,,,,,,,,,,lb,,,true,,,true,,,active
soft-structured-econ-hat,Soft-Structured Econ Hat,<strong>Soft-Structured Econ Hat</strong>,Valucap,,Cotton,"baseball, unisex",true,Title,One-Size,,,,,'000062,0.0,,0,deny,manual,11.00,,true,true,,https://cdn.shopify.com/s/files/1/0783/2263/0970/products/valucap-6440-yellow.jpg?v=1699512755,1,,false,,,,,,,,,,,,,,,lb,,,true,,,true,,,active
snapback-hat,Snapback Hat,<strong>Snapback hat</strong>,Port Authority,,Cotton,"trucker, unisex",true,Title,One-Size,,,,,'000061,0.0,,0,deny,manual,13.00,,true,true,,https://cdn.shopify.com/s/files/1/0783/2263/0970/products/port-authority-c932-khaki.jpg?v=1699512752,1,,false,,,,,,,,,,,,,,,lb,,,true,,,true,,,active
womens-fleece-quarter-zip-sweatshirt,Women's Fleece Quarter-Zip Sweatshirt,<strong>Women's Fleece Quarter-Zip Sweatshirt</strong>,MV Sport,,Cotton,"coat, women",true,Title,Small,,,,,'000058,0.0,,0,deny,manual,12.00,,true,true,,https://cdn.shopify.com/s/files/1/0783/2263/0970/products/mv-sport-w22713-heather-grey.jpg?v=1699511236,1,,false,,,,,,,,,,,,,,,lb,,,true,,,true,,,active
womens-fleece-quarter-zip-sweatshirt,,,,,,,,,Medium,,,,,'000059,0.0,,0,deny,manual,12.25,,true,true,,,,,,,,,,,,,,,,,,,,lb,,,,,,,,,
womens-fleece-quarter-zip-sweatshirt,,,,,,,,,Large,,,,,'000060,0.0,,0,deny,manual,12.50,,true,true,,,,,,,,,,,,,,,,,,,,lb,,,,,,,,,
32-degrees-melange-rain-jacket,32 Degrees Melange Rain Jacket,<strong>32 Degrees Melange Rain Jacket</strong>,Weatherproof,,Polyester,"men, raincoat",true,Title,Small,,,,,'000055,0.0,,0,deny,manual,17.00,,true,true,,https://cdn.shopify.com/s/files/1/0783/2263/0970/products/weatherproof-17604-black-melange.jpg?v=1699511233,1,,false,,,,,,,,,,,,,,,lb,,,true,,,true,,,active
32-degrees-melange-rain-jacket,,,,,,,,,Medium,,,,,'000056,0.0,,0,deny,manual,17.25,,true,true,,,,,,,,,,,,,,,,,,,,lb,,,,,,,,,
32-degrees-melange-rain-jacket,,,,,,,,,Large,,,,,'000057,0.0,,0,deny,manual,17.50,,true,true,,,,,,,,,,,,,,,,,,,,lb,,,,,,,,,
windbreaker-jacket,Windbreaker Jacket,<strong>Windbreaker Jacket</strong>,Champion,,Polyester,"men, windbreaker",true,Title,Small,,,,,'000052,0.0,,0,deny,manual,14.00,,true,true,,https://cdn.shopify.com/s/files/1/0783/2263/0970/products/champion-co125-graphite.jpg?v=1699511230,1,,false,,,,,,,,,,,,,,,lb,,,true,,,true,,,active
windbreaker-jacket,,,,,,,,,Medium,,,,,'000053,0.0,,0,deny,manual,14.25,,true,true,,,,,,,,,,,,,,,,,,,,lb,,,,,,,,,
windbreaker-jacket,,,,,,,,,Large,,,,,'000054,0.0,,0,deny,manual,14.50,,true,true,,,,,,,,,,,,,,,,,,,,lb,,,,,,,,,
full-zip-fleece-vest,Full-Zip Fleece Vest,<strong>Full-Zip Fleece Vest</strong>,Sierra Pacific,,Polyester,"men, vests",true,Title,Small,,,,,'000049,0.0,,0,deny,manual,10.00,,true,true,,https://cdn.shopify.com/s/files/1/0783/2263/0970/products/sierra-pacific-3010-heather-grey.jpg?v=1699511228,1,,false,,,,,,,,,,,,,,,lb,,,true,,,true,,,active
full-zip-fleece-vest,,,,,,,,,Medium,,,,,'000050,0.0,,0,deny,manual,10.25,,true,true,,,,,,,,,,,,,,,,,,,,lb,,,,,,,,,
full-zip-fleece-vest,,,,,,,,,Large,,,,,'000051,0.0,,0,deny,manual,10.50,,true,true,,,,,,,,,,,,,,,,,,,,lb,,,,,,,,,
quarter-zip-fleece-pullover-1,Quarter-Zip Fleece Pullover,<strong>Quarter-Zip Fleece Pullover</strong>,Jerzees,,Cotton,"men, pullover",true,Title,Small,,,,,'000046,0.0,,0,deny,manual,15.00,,true,true,,https://cdn.shopify.com/s/files/1/0783/2263/0970/products/jerzees-995m-forest-green.jpg?v=1699511222,1,,false,,,,,,,,,,,,,,,lb,,,true,,,true,,,active
quarter-zip-fleece-pullover-1,,,,,,,,,Medium,,,,,'000047,0.0,,0,deny,manual,15.25,,true,true,,,,,,,,,,,,,,,,,,,,lb,,,,,,,,,
quarter-zip-fleece-pullover-1,,,,,,,,,Large,,,,,'000048,0.0,,0,deny,manual,15.50,,true,true,,,,,,,,,,,,,,,,,,,,lb,,,,,,,,,
pullover-hoodie,Pullover Hoodie,<strong>Pullover Hoodie</strong>,Jerzees,,Cotton,"fleece, jacket, men",true,Title,Small,,,,,'000043,0.0,,0,deny,manual,13.00,,true,true,,https://cdn.shopify.com/s/files/1/0783/2263/0970/products/jerzees-996m-vintage-heather-red.jpg?v=1699511220,1,,false,,,,,,,,,,,,,,,lb,,,true,,,true,,,active
pullover-hoodie,,,,,,,,,Medium,,,,,'000044,0.0,,0,deny,manual,13.25,,true,true,,,,,,,,,,,,,,,,,,,,lb,,,,,,,,,
pullover-hoodie,,,,,,,,,Large,,,,,'000045,0.0,,0,deny,manual,13.50,,true,true,,,,,,,,,,,,,,,,,,,,lb,,,,,,,,,
youth-classic-mesh-shorts,Youth Classic Mesh Shorts,<strong>Youth Classic Mesh Shorts</strong>,Sport-Tek,,Polyester,"pants, youth",true,Title,Small,,,,,'000040,0.0,,0,deny,manual,9.00,,true,true,,https://cdn.shopify.com/s/files/1/0783/2263/0970/products/sport-tek-yst510-true-navy.jpg?v=1699508123,1,,false,,,,,,,,,,,,,,,lb,,,true,,,true,,,active
youth-classic-mesh-shorts,,,,,,,,,Medium,,,,,'000041,0.0,,0,deny,manual,9.25,,true,true,,,,,,,,,,,,,,,,,,,,lb,,,,,,,,,
youth-classic-mesh-shorts,,,,,,,,,Large,,,,,'000042,0.0,,0,deny,manual,9.50,,true,true,,,,,,,,,,,,,,,,,,,,lb,,,,,,,,,
womens-high-waist-biker-shorts,Women's High-Waist Biker Shorts,<strong>Women's High-Waist Biker Shorts</strong>,District,,Spandex,"shorts, women",true,Title,Small,,,,,'000037,0.0,,0,deny,manual,9.00,,true,true,,https://cdn.shopify.com/s/files/1/0783/2263/0970/products/district-dt7509-light-heather-grey.jpg?v=1699508121,1,,false,,,,,,,,,,,,,,,lb,,,true,,,true,,,active
womens-high-waist-biker-shorts,,,,,,,,,Medium,,,,,'000038,0.0,,0,deny,manual,9.25,,true,true,,,,,,,,,,,,,,,,,,,,lb,,,,,,,,,
womens-high-waist-biker-shorts,,,,,,,,,Large,,,,,'000039,0.0,,0,deny,manual,9.50,,true,true,,,,,,,,,,,,,,,,,,,,lb,,,,,,,,,
womens-cotton-spandex-leggings,Women's Cotton Spandex Leggings,<strong>Women's Cotton Spandex Leggings</strong>,Bella + Canvas,,Spandex,"sweatpants, women",true,Title,Small,,,,,'000034,0.0,,0,deny,manual,10.00,,true,true,,https://cdn.shopify.com/s/files/1/0783/2263/0970/products/bella-canvas-812-black.jpg?v=1699508118,1,,false,,,,,,,,,,,,,,,lb,,,true,,,true,,,active
womens-cotton-spandex-leggings,,,,,,,,,Medium,,,,,'000035,0.0,,0,deny,manual,10.25,,true,true,,,,,,,,,,,,,,,,,,,,lb,,,,,,,,,
womens-cotton-spandex-leggings,,,,,,,,,Large,,,,,'000036,0.0,,0,deny,manual,10.50,,true,true,,,,,,,,,,,,,,,,,,,,lb,,,,,,,,,
performance-fleece-jogger,Performance Fleece Jogger,<strong>Performance Fleece Jogger</strong>,Badger,,Polyester,"men, pants, performance",true,Title,Small,,,,,'000031,0.0,,0,deny,manual,9.00,,true,true,,https://cdn.shopify.com/s/files/1/0783/2263/0970/products/badger-1475-black.jpg?v=1699508116,1,,false,,,,,,,,,,,,,,,lb,,,true,,,true,,,active
performance-fleece-jogger,,,,,,,,,Medium,,,,,'000032,0.0,,0,deny,manual,9.25,,true,true,,,,,,,,,,,,,,,,,,,,lb,,,,,,,,,
performance-fleece-jogger,,,,,,,,,Large,,,,,'000033,0.0,,0,deny,manual,9.50,,true,true,,,,,,,,,,,,,,,,,,,,lb,,,,,,,,,
cotton-shorts-with-pockets,Cotton Shorts with Pockets,<strong>Cotton Shorts with Pockets</strong>,Russel Athletic,,Cotton,"men, shorts",true,Title,Small,,,,,'000028,0.0,,0,deny,manual,8.00,,true,true,,https://cdn.shopify.com/s/files/1/0783/2263/0970/products/russell-athletic-25843m-oxford.jpg?v=1699508113,1,,false,,,,,,,,,,,,,,,lb,,,true,,,true,,,active
cotton-shorts-with-pockets,,,,,,,,,Medium,,,,,'000029,0.0,,0,deny,manual,8.25,,true,true,,,,,,,,,,,,,,,,,,,,lb,,,,,,,,,
cotton-shorts-with-pockets,,,,,,,,,Large,,,,,'000030,0.0,,0,deny,manual,8.50,,true,true,,,,,,,,,,,,,,,,,,,,lb,,,,,,,,,
gildan-heavy-sweatpants,Gildan Heavy Sweatpants,<strong>Gildan Heavy Sweatpants</strong>,Gildan,,Cotton,"men, sweatpants",true,Title,Small,,,,,'000025,0.0,,0,deny,manual,11.00,,true,true,,https://cdn.shopify.com/s/files/1/0783/2263/0970/products/gildan-18400-sport-grey.jpg?v=1699508110,1,,false,,,,,,,,,,,,,,,lb,,,true,,,true,,,active
gildan-heavy-sweatpants,,,,,,,,,Medium,,,,,'000026,0.0,,0,deny,manual,11.25,,true,true,,,,,,,,,,,,,,,,,,,,lb,,,,,,,,,
gildan-heavy-sweatpants,,,,,,,,,Large,,,,,'000027,0.0,,0,deny,manual,11.50,,true,true,,,,,,,,,,,,,,,,,,,,lb,,,,,,,,,
youth-fleece-lined-jacket,Youth Fleece-Lined Jacket,<strong>Youth Fleece-Lined Jacket</strong>,Sport-Tek,,Polyester,"sweatshirt, youth",true,Title,Small,,,,,'000022,0.0,,0,deny,manual,7.00,,true,true,,https://cdn.shopify.com/s/files/1/0783/2263/0970/products/sport-tek-yst81-forest-green-white.jpg?v=1699506145,1,,false,,,,,,,,,,,,,,,lb,,,true,,,true,,,active
youth-fleece-lined-jacket,,,,,,,,,Medium,,,,,'000023,0.0,,0,deny,manual,7.25,,true,true,,,,,,,,,,,,,,,,,,,,lb,,,,,,,,,
youth-fleece-lined-jacket,,,,,,,,,Large,,,,,'000024,0.0,,0,deny,manual,11.50,,true,true,,,,,,,,,,,,,,,,,,,,lb,,,,,,,,,
womens-lightweight-hoodie-pullover-crop,Women's Lightweight Hoodie Pullover Crop,<strong>Women's Lightweight Hoodie Pullover Crop</strong>,Independent Trading,,Cotton,"sweatshirt, women",true,Title,Small,,,,,'000019,0.0,,0,deny,manual,11.00,,true,true,,https://cdn.shopify.com/s/files/1/0783/2263/0970/products/independent-trading-afx64crp-grey-heather.jpg?v=1699506143,1,,false,,,,,,,,,,,,,,,lb,,,true,,,true,,,active
womens-lightweight-hoodie-pullover-crop,,,,,,,,,Medium,,,,,'000020,0.0,,0,deny,manual,11.25,,true,true,,,,,,,,,,,,,,,,,,,,lb,,,,,,,,,
womens-lightweight-hoodie-pullover-crop,,,,,,,,,Large,,,,,'000021,0.0,,0,deny,manual,11.50,,true,true,,,,,,,,,,,,,,,,,,,,lb,,,,,,,,,
badger-quarter-zip-lightweight-pullover,Badger Quarter-Zip Lightweight Pullover,<strong>Badger Quarter-Zip Lightweight Pullover</strong>,Badger,,Polyester,"lightweight, men",true,Title,Small,,,,,'000016,0.0,,0,deny,manual,9.00,,true,true,,https://cdn.shopify.com/s/files/1/0783/2263/0970/products/badger-4280-black.jpg?v=1699506140,1,,false,,,,,,,,,,,,,,,lb,,,true,,,true,,,active
badger-quarter-zip-lightweight-pullover,,,,,,,,,Medium,,,,,'000017,0.0,,0,deny,manual,9.25,,true,true,,,,,,,,,,,,,,,,,,,,lb,,,,,,,,,
badger-quarter-zip-lightweight-pullover,,,,,,,,,Large,,,,,'000018,0.0,,0,deny,manual,9.50,,true,true,,,,,,,,,,,,,,,,,,,,lb,,,,,,,,,
letterman-jacket,Letterman Jacket,<strong>Letterman Jacket</strong>,Sport-Tek,,Polyester,"heavy, men",true,Title,Small,,,,,'000013,0.0,,0,deny,manual,15.00,,true,true,,https://cdn.shopify.com/s/files/1/0783/2263/0970/products/sport-tek-st270-true-royal-vintage-heather.jpg?v=1699503508,1,,false,,,,,,,,,,,,,,,lb,,,true,,,true,,,active
letterman-jacket,,,,,,,,,Medium,,,,,'000014,0.0,,0,deny,manual,15.25,,true,true,,,,,,,,,,,,,,,,,,,,lb,,,,,,,,,
letterman-jacket,,,,,,,,,Large,,,,,'000015,0.0,,0,deny,manual,15.50,,true,true,,,,,,,,,,,,,,,,,,,,lb,,,,,,,,,
quarter-zip-fleece-pullover,Quarter-Zip Fleece Pullover,<strong>Quarter-Zip Fleece Pullover</strong>,Jerzees,,Cotton,"men, quarterzip",true,Title,Small,,,,,'000010,0.0,,0,deny,manual,12.00,,true,true,,https://cdn.shopify.com/s/files/1/0783/2263/0970/products/jerzees-995m-ash.jpg?v=1699503506,1,,false,,,,,,,,,,,,,,,lb,,,true,,,true,,,active
quarter-zip-fleece-pullover,,,,,,,,,Medium,,,,,'000011,0.0,,0,deny,manual,12.25,,true,true,,,,,,,,,,,,,,,,,,,,lb,,,,,,,,,
quarter-zip-fleece-pullover,,,,,,,,,Large,,,,,'000012,0.0,,0,deny,manual,12.50,,true,true,,,,,,,,,,,,,,,,,,,,lb,,,,,,,,,
full-zip-hoodie,Full-Zip Hoodie,<strong>Full-Zip Hoodie</strong>,Independent Training,,Cotton,"fullzip, men",true,Title,Small,,,,,'000007,0.0,,0,deny,manual,11.00,,true,true,,https://cdn.shopify.com/s/files/1/0783/2263/0970/products/independent-trading-afx90unz-forest-camo.jpg?v=1699503503,1,,false,,,,,,,,,,,,,,,lb,,,true,,,true,,,active
full-zip-hoodie,,,,,,,,,Medium,,,,,'000008,0.0,,0,deny,manual,11.25,,true,true,,,,,,,,,,,,,,,,,,,,lb,,,,,,,,,
full-zip-hoodie,,,,,,,,,Large,,,,,'000009,0.0,,0,deny,manual,11.50,,true,true,,,,,,,,,,,,,,,,,,,,lb,,,,,,,,,
gilan-crewneck-sweatshirt,Gilan Crewneck Sweatshirt,<strong>Gilan Crewneck Sweatshirt</strong>,Gilan,,Cotton,"men, sweatshirt",true,Title,Small,,,,,'000004,0.0,,0,deny,manual,11.00,,true,true,,https://cdn.shopify.com/s/files/1/0783/2263/0970/products/gildan-18000-royal.jpg?v=1699503500,1,,false,,,,,,,,,,,,,,,lb,,,true,,,true,,,active
gilan-crewneck-sweatshirt,,,,,,,,,Medium,,,,,'000005,0.0,,0,deny,manual,11.25,,true,true,,,,,,,,,,,,,,,,,,,,lb,,,,,,,,,
gilan-crewneck-sweatshirt,,,,,,,,,Large,,,,,'000006,0.0,,0,deny,manual,11.50,,true,true,,,,,,,,,,,,,,,,,,,,lb,,,,,,,,,
hanes-pullover-hoodie,Hanes Pullover Hoodie,<strong>Hanes Pullover Hoodie</strong>,Hanes,,Cotton,"hoodie, men",true,Title,Small,,,,,'000001,0.0,,0,deny,manual,10.00,,true,true,,https://cdn.shopify.com/s/files/1/0783/2263/0970/products/hanes-p170-cardinal.jpg?v=1699503498,1,,false,,,,,,,,,,,,,,,lb,,,true,,,true,,,active
hanes-pullover-hoodie,,,,,,,,,Medium,,,,,'000002,0.0,,0,deny,manual,10.25,,true,true,,,,,,,,,,,,,,,,,,,,lb,,,,,,,,,
hanes-pullover-hoodie,,,,,,,,,Large,,,,,'000003,0.0,,0,deny,manual,10.50,,true,true,,,,,,,,,,,,,,,,,,,,lb,,,,,,,,,
premium-tank-top,Premium Tank Top,<strong>Tank top</strong>,Next Level,,Cotton,"t-shirt, tanktop",true,Title,Small,,,,,'123456,0.0,,0,deny,manual,6.00,,true,true,,https://cdn.shopify.com/s/files/1/0783/2263/0970/products/next-level-apparel-3633-black.jpg?v=1699501856,1,,false,,,,,,,,,,,,,,,lb,,,true,,,true,,,active
premium-tank-top,,,,,,,,,Medium,,,,,'123457,0.0,,0,deny,manual,6.25,,true,true,,,,,,,,,,,,,,,,,,,,lb,,,,,,,,,
premium-tank-top,,,,,,,,,Large,,,,,'123458,0.0,,0,deny,manual,6.50,,true,true,,,,,,,,,,,,,,,,,,,,lb,,,,,,,,,
youth-t-shirt,Youth T-Shirt,<strong>Youth T-Shirt</strong>,Gildans,,Cotton,"t-shirt, youth",true,Title,Small,,,,,'123456,0.0,,0,deny,manual,6.00,,true,true,,https://cdn.shopify.com/s/files/1/0783/2263/0970/products/gildan-5000b-white.jpg?v=1699501853,1,,false,,,,,,,,,,,,,,,lb,,,true,,,true,,,active
youth-t-shirt,,,,,,,,,Medium,,,,,'123457,0.0,,0,deny,manual,6.25,,true,true,,,,,,,,,,,,,,,,,,,,lb,,,,,,,,,
youth-t-shirt,,,,,,,,,Large,,,,,'123458,0.0,,0,deny,manual,6.50,,true,true,,,,,,,,,,,,,,,,,,,,lb,,,,,,,,,
cooling-performance-t-shirt,Cooling Performance T-Shirt,<strong>Performance T-Shirt</strong>,PromotionalProducts,,Polyester,"performance, t-shirt",true,Title,Small,,,,,'123456,0.0,,0,deny,manual,6.00,,true,true,,https://cdn.shopify.com/s/files/1/0783/2263/0970/products/a4-n3142-light-blue.jpg?v=1699501851,1,,false,,,,,,,,,,,,,,,lb,,,true,,,true,,,active
cooling-performance-t-shirt,,,,,,,,,Medium,,,,,'123457,0.0,,0,deny,manual,6.25,,true,true,,,,,,,,,,,,,,,,,,,,lb,,,,,,,,,
cooling-performance-t-shirt,,,,,,,,,Large,,,,,'123458,0.0,,0,deny,manual,6.50,,true,true,,,,,,,,,,,,,,,,,,,,lb,,,,,,,,,
gildan-cotton-long-sleeve-t-shirt,Gildan Cotton Long Sleeve T-Shirt,<strong>Gildan Long Sleeve T-Shirt</strong>,Gildan,,Cotton Shirt,"longsleeve, t-shirt",true,Title,Small,,,,,'123456,0.0,,0,deny,manual,6.00,,true,true,,https://cdn.shopify.com/s/files/1/0783/2263/0970/products/gildan-5400-white.jpg?v=1699501848,1,,false,,,,,,,,,,,,,,,lb,,,true,,,true,,,active
gildan-cotton-long-sleeve-t-shirt,,,,,,,,,Medium,,,,,'123457,0.0,,0,deny,manual,6.25,,true,true,,,,,,,,,,,,,,,,,,,,lb,,,,,,,,,
gildan-cotton-long-sleeve-t-shirt,,,,,,,,,Large,,,,,'123458,0.0,,0,deny,manual,6.50,,true,true,,,,,,,,,,,,,,,,,,,,lb,,,,,,,,,
gildan-womens-cotton-t-shirt-1,Gildan Women's Cotton T-Shirt,<strong>Gildan Women's cotton T-Shirt.</strong>,Gildan,,Cotton Shirt,"t-shirt, women",true,Title,Small,,,,,'123456,0.0,,0,deny,manual,6.00,,true,true,,https://cdn.shopify.com/s/files/1/0783/2263/0970/products/15645609_deeba99d-b0ad-4bd5-a2d1-1cdf352704a0.jpg?v=1699493481,1,,false,,,,,,,,,,,,,,,lb,,,true,,,true,,,active
gildan-womens-cotton-t-shirt-1,,,,,,,,,Medium,,,,,'123457,0.0,,0,deny,manual,6.25,,true,true,,,,,,,,,,,,,,,,,,,,lb,,,,,,,,,
gildan-womens-cotton-t-shirt-1,,,,,,,,,Large,,,,,'123458,0.0,,0,deny,manual,6.50,,true,true,,,,,,,,,,,,,,,,,,,,lb,,,,,,,,,
vintage-denim-shirt-7,Vintage Denim Shirt,<strong>Rugged denim for the vintage vibe.</strong>,RetroDenim,,Denim Shirt,"",true,Title,Small,,,,,VD123S,0.0,,0,deny,manual,34.99,,true,true,,,,,false,,,,,,,,,,,,,,,lb,,,true,,,true,,,active
casual-polo-shirt-7,Casual Polo Shirt,<strong>Classic polo for a smart casual look.</strong>,CasualCraze,,Polo Shirt,"",true,Title,Small,,,,,CPL123S,0.0,,0,deny,manual,27.99,,true,true,,,,,false,,,,,,,,,,,,,,,lb,,,true,,,true,,,active
graphic-crew-neck-tee-7,Graphic Crew Neck Tee,<strong>Bold graphics meet comfortable cotton.</strong>,GraphicGen,,T-Shirt,"",true,Title,Small,,,,,GRCT123S,0.0,,0,deny,manual,22.99,,true,true,,https://cdn.shopify.com/s/files/1/0783/2263/0970/products/photo-1581655353564-df123a1eb820_40a706d0-d2b2-4bd6-9c34-0fa2bdaf32b1.jpg?v=1699492317,1,,false,,,,,,,,,,,,,,,lb,,,true,,,true,,,active
gildan-100-cotton-t-shirt,Gildan 100% Cotton T-Shirt,"<ul>
<li>100% Cotton</li>
<li>Made in the USA</li>
<li>Machine Washable</li>
<li>5.3-ounce, 100% cotton</li>
<li>Seamless double-needle 7/8' collar</li>
</ul>",Promotional Products,,"","shortsleeve, t-shirt",true,Size,Small,Color,Black,,,"",0.0,shopify,10,continue,manual,6.50,,true,true,"",https://cdn.shopify.com/s/files/1/0783/2263/0970/files/whiteTFront.jpg?v=1698362774,1,,false,,,,,,,,,,,,,,,lb,,7.00,true,,,true,,,active
gildan-100-cotton-t-shirt,,,,,,,,,Small,,White,,,"",0.0,shopify,0,continue,manual,7.00,,true,true,"",https://cdn.shopify.com/s/files/1/0783/2263/0970/files/whiteTBack.jpg?v=1698362777,2,,,,,,,,,,,,,,,,,lb,,7.00,,,,,,,
gildan-100-cotton-t-shirt,,,,,,,,,Small,,Blue,,,"",0.0,shopify,0,continue,manual,7.00,,true,true,"",,,,,,,,,,,,,,,,,,,lb,,7.00,,,,,,,
gildan-100-cotton-t-shirt,,,,,,,,,Small,,Red,,,"",0.0,shopify,0,continue,manual,7.00,,true,true,"",,,,,,,,,,,,,,,,,,,lb,,7.00,,,,,,,
gildan-100-cotton-t-shirt,,,,,,,,,Medium,,Black,,,"",0.0,shopify,10,continue,manual,7.00,,true,true,"",,,,,,,,,,,,,,,,,,,lb,,7.00,,,,,,,
gildan-100-cotton-t-shirt,,,,,,,,,Medium,,White,,,"",0.0,shopify,0,continue,manual,7.00,,true,true,"",,,,,,,,,,,,,,,,,,,lb,,7.00,,,,,,,
gildan-100-cotton-t-shirt,,,,,,,,,Medium,,Blue,,,"",0.0,shopify,0,continue,manual,7.00,,true,true,"",,,,,,,,,,,,,,,,,,,lb,,7.00,,,,,,,
gildan-100-cotton-t-shirt,,,,,,,,,Medium,,Red,,,"",0.0,shopify,0,continue,manual,7.00,,true,true,"",,,,,,,,,,,,,,,,,,,lb,,7.00,,,,,,,
gildan-100-cotton-t-shirt,,,,,,,,,Large,,Black,,,"",0.0,shopify,10,continue,manual,8.00,,true,true,"",,,,,,,,,,,,,,,,,,,lb,,7.00,,,,,,,
gildan-100-cotton-t-shirt,,,,,,,,,Large,,White,,,"",0.0,shopify,0,continue,manual,7.00,,true,true,"",,,,,,,,,,,,,,,,,,,lb,,7.00,,,,,,,
gildan-100-cotton-t-shirt,,,,,,,,,Large,,Blue,,,"",0.0,shopify,0,continue,manual,7.00,,true,true,"",,,,,,,,,,,,,,,,,,,lb,,7.00,,,,,,,
gildan-100-cotton-t-shirt,,,,,,,,,Large,,Red,,,"",0.0,shopify,0,continue,manual,7.00,,true,true,"",,,,,,,,,,,,,,,,,,,lb,,7.00,,,,,,,
gildan-100-cotton-t-shirt,,,,,,,,,X-Large,,Black,,,"",0.0,shopify,10,continue,manual,8.00,,true,true,"",,,,,,,,,,,,,,,,,,,lb,,7.00,,,,,,,
gildan-100-cotton-t-shirt,,,,,,,,,X-Large,,White,,,"",0.0,shopify,0,continue,manual,7.00,,true,true,"",,,,,,,,,,,,,,,,,,,lb,,7.00,,,,,,,
gildan-100-cotton-t-shirt,,,,,,,,,X-Large,,Blue,,,"",0.0,shopify,0,continue,manual,7.00,,true,true,"",,,,,,,,,,,,,,,,,,,lb,,7.00,,,,,,,
gildan-100-cotton-t-shirt,,,,,,,,,X-Large,,Red,,,"",0.0,shopify,0,continue,manual,7.00,,true,true,"",,,,,,,,,,,,,,,,,,,lb,,7.00,,,,,,,
